名前,タグ名,学校,部活,全件数,全年齢,R-18,R-18率,最終更新日時
先生,先生(ブルーアーカイブ),シャーレ（S.C.H.A.L.E）,,57715,46346,11369,0.197,2026-05-03 18:52:44
先生,アニメ先生(ブルーアーカイブ),シャーレ（S.C.H.A.L.E）,,1441,1144,297,0.2061,2026-05-03 18:52:53
先生,便利屋先生,シャーレ（S.C.H.A.L.E）,,303,283,20,0.066,2026-05-03 18:53:01
先生,開発部先生,シャーレ（S.C.H.A.L.E）,,36,36,0,0.0,2026-05-03 18:53:09
アロナ,アロナ(ブルーアーカイブ),シャーレ（S.C.H.A.L.E）,,20055,14147,5908,0.2946,2026-03-11 11:04:51
プラナ,プラナ(ブルーアーカイブ),シャーレ（S.C.H.A.L.E）,,18796,12787,6009,0.3197,2026-03-11 11:04:57
連邦生徒会長,連邦生徒会長,連邦生徒会,,1257,1030,227,0.1806,2026-03-11 11:05:03
七神リン,七神リン,連邦生徒会,,3597,2523,1074,0.2986,2026-03-11 11:05:09
由良木モモカ,由良木モモカ,連邦生徒会,,916,560,356,0.3886,2026-03-11 11:05:41
不知火カヤ,不知火カヤ,連邦生徒会,,2791,2179,612,0.2193,2026-03-11 11:05:49
扇喜アオイ,扇喜アオイ,連邦生徒会,,2202,1487,715,0.3247,2026-03-11 11:06:21
岩櫃アユム,岩櫃アユム,連邦生徒会,,289,217,72,0.2491,2026-03-11 11:06:53
ハイネ,ハイネ(ブルーアーカイブ),連邦生徒会,,90,78,12,0.1333,2026-03-11 11:07:25
スモモ,スモモ(ブルーアーカイブ),連邦生徒会,,352,238,114,0.3239,2026-03-11 11:07:31
砂狼シロコ,砂狼シロコ,アビドス高等学校,対策委員会,37120,27168,9952,0.2681,2026-03-11 11:08:04
砂狼シロコ,砂狼シロコ(ライディング),アビドス高等学校,対策委員会,558,425,133,0.2384,2026-03-11 11:08:10
砂狼シロコ,砂狼シロコ(水着),アビドス高等学校,対策委員会,1560,1292,268,0.1718,2026-03-11 11:08:16
小鳥遊ホシノ,小鳥遊ホシノ,アビドス高等学校,対策委員会,52956,40562,12394,0.234,2026-03-11 11:08:23
小鳥遊ホシノ,小鳥遊ホシノ(チーパオ),アビドス高等学校,対策委員会,59,55,4,0.0678,2026-03-11 11:08:29
小鳥遊ホシノ,小鳥遊ホシノ(水着),アビドス高等学校,対策委員会,2075,1592,483,0.2328,2026-03-11 11:09:01
ホシノ*テラー,ホシノ*テラー,アビドス高等学校,対策委員会,391,367,24,0.0614,2026-03-11 11:09:33
黒見セリカ,黒見セリカ,アビドス高等学校,対策委員会,11117,8245,2872,0.2583,2026-03-11 11:10:05
黒見セリカ,黒見セリカ(アイドル),アビドス高等学校,対策委員会,130,104,26,0.2,2026-03-11 11:10:37
黒見セリカ,黒見セリカ(正月),アビドス高等学校,対策委員会,293,233,60,0.2048,2026-03-11 11:11:09
十六夜ノノミ,十六夜ノノミ,アビドス高等学校,対策委員会,14963,8538,6425,0.4294,2026-03-11 11:11:16
十六夜ノノミ,十六夜ノノミ(水着),アビドス高等学校,対策委員会,906,684,222,0.245,2026-03-11 11:11:22
奥空アヤネ,奥空アヤネ,アビドス高等学校,対策委員会,5565,4074,1491,0.2679,2026-03-11 11:11:28
奥空アヤネ,奥空アヤネ(アイドル),アビドス高等学校,対策委員会,118,88,30,0.2542,2026-03-11 11:11:35
奥空アヤネ,奥空アヤネ(水着),アビドス高等学校,対策委員会,251,179,72,0.2869,2026-03-11 11:11:42
梔子ユメ,梔子ユメ,アビドス高等学校,対策委員会,4700,3830,870,0.1851,2026-03-11 11:11:48
空崎ヒナ,空崎ヒナ,ゲヘナ学園,風紀委員会,42236,30979,11257,0.2665,2026-03-11 11:11:55
空崎ヒナ,空崎ヒナ(水着),ゲヘナ学園,風紀委員会,1422,1130,292,0.2053,2026-03-11 11:12:01
銀鏡イオリ,銀鏡イオリ,ゲヘナ学園,風紀委員会,10552,7060,3492,0.3309,2026-03-11 11:12:07
銀鏡イオリ,銀鏡イオリ(水着),ゲヘナ学園,風紀委員会,793,609,184,0.232,2026-03-11 11:12:14
火宮チナツ,火宮チナツ,ゲヘナ学園,風紀委員会,2776,1804,972,0.3501,2026-03-11 11:12:46
火宮チナツ,火宮チナツ(温泉),ゲヘナ学園,風紀委員会,284,153,131,0.4613,2026-03-11 11:12:52
天雨アコ,天雨アコ,ゲヘナ学園,風紀委員会,19318,10517,8801,0.4556,2026-03-11 11:12:58
天雨アコ,天雨アコ(ドレス),ゲヘナ学園,風紀委員会,2337,1575,762,0.3261,2026-03-11 11:13:04
羽沼マコト,羽沼マコト,ゲヘナ学園,万魔殿（パンデモニウム・ソサエティー）,2986,2550,436,0.146,2026-03-11 11:13:11
羽沼マコト,羽沼マコト(ドレス),ゲヘナ学園,万魔殿（パンデモニウム・ソサエティー）,207,176,31,0.1498,2026-03-11 11:13:18
棗イロハ,棗イロハ,ゲヘナ学園,万魔殿（パンデモニウム・ソサエティー）,10037,7173,2864,0.2853,2026-03-11 11:13:24
丹花イブキ,丹花イブキ,ゲヘナ学園,万魔殿（パンデモニウム・ソサエティー）,10533,5786,4747,0.4507,2026-03-11 11:13:30
丹花イブキ,丹花イブキ(ドレス),ゲヘナ学園,万魔殿（パンデモニウム・ソサエティー）,142,118,24,0.169,2026-03-11 11:14:03
京極サツキ,京極サツキ,ゲヘナ学園,万魔殿（パンデモニウム・ソサエティー）,3070,1679,1391,0.4531,2026-03-11 11:14:08
元宮チアキ,元宮チアキ,ゲヘナ学園,万魔殿（パンデモニウム・ソサエティー）,1734,1342,392,0.2261,2026-03-11 11:14:14
愛清フウカ,愛清フウカ,ゲヘナ学園,給食部,5657,4452,1205,0.213,2026-03-11 11:14:20
牛牧ジュリ,牛牧ジュリ,ゲヘナ学園,給食部,1321,1030,291,0.2203,2026-03-11 11:14:26
牛牧ジュリ,牛牧ジュリ(アルバイト),ゲヘナ学園,給食部,293,198,95,0.3242,2026-03-11 11:14:33
黒舘ハルナ,黒舘ハルナ,ゲヘナ学園,美食研究会,6820,5300,1520,0.2229,2026-03-11 11:14:39
赤司ジュンコ,赤司ジュンコ,ゲヘナ学園,美食研究会,3242,2584,658,0.203,2026-03-11 11:15:12
獅子堂イズミ,獅子堂イズミ,ゲヘナ学園,美食研究会,1718,1305,413,0.2404,2026-03-11 11:15:46
獅子堂イズミ,獅子堂イズミ(水着),ゲヘナ学園,美食研究会,218,146,72,0.3303,2026-03-11 11:15:52
鰐渕アカリ,鰐渕アカリ,ゲヘナ学園,美食研究会,2148,1431,717,0.3338,2026-03-11 11:15:57
鰐渕アカリ,鰐渕アカリ(正月),ゲヘナ学園,美食研究会,168,116,52,0.3095,2026-03-11 11:16:04
陸八魔アル,陸八魔アル,ゲヘナ学園,便利屋68（シックスティーエイト）,22320,16077,6243,0.2797,2026-03-11 11:16:38
陸八魔アル,陸八魔アル(ドレス),ゲヘナ学園,便利屋68（シックスティーエイト）,1326,1039,287,0.2164,2026-03-11 11:16:43
陸八魔アル,陸八魔アル(正月),ゲヘナ学園,便利屋68（シックスティーエイト）,246,217,29,0.1179,2026-03-11 11:17:16
浅黄ムツキ,浅黄ムツキ,ゲヘナ学園,便利屋68（シックスティーエイト）,14114,9298,4816,0.3412,2026-03-11 11:17:22
浅黄ムツキ,浅黄ムツキ(ドレス),ゲヘナ学園,便利屋68（シックスティーエイト）,556,432,124,0.223,2026-03-11 11:17:29
浅黄ムツキ,浅黄ムツキ(正月),ゲヘナ学園,便利屋68（シックスティーエイト）,451,326,125,0.2772,2026-03-11 11:17:36
伊草ハルカ,伊草ハルカ,ゲヘナ学園,便利屋68（シックスティーエイト）,9428,7666,1762,0.1869,2026-03-11 11:17:42
伊草ハルカ,伊草ハルカ(スーツ),ゲヘナ学園,便利屋68（シックスティーエイト）,245,228,17,0.0694,2026-03-11 11:17:49
伊草ハルカ,伊草ハルカ(ドレス),ゲヘナ学園,便利屋68（シックスティーエイト）,224,205,19,0.0848,2026-03-11 11:17:55
伊草ハルカ,伊草ハルカ(正月),ゲヘナ学園,便利屋68（シックスティーエイト）,217,192,25,0.1152,2026-03-11 11:18:01
鬼方カヨコ,鬼方カヨコ,ゲヘナ学園,便利屋68（シックスティーエイト）,23770,18980,4790,0.2015,2026-03-11 11:18:08
鬼方カヨコ,鬼方カヨコ(ドレス),ゲヘナ学園,便利屋68（シックスティーエイト）,2483,1996,487,0.1961,2026-03-11 11:18:13
鬼方カヨコ,鬼方カヨコ(正月),ゲヘナ学園,便利屋68（シックスティーエイト）,507,409,98,0.1933,2026-03-11 11:18:45
氷室セナ,氷室セナ,ゲヘナ学園,救急医学部,2278,1710,568,0.2493,2026-03-11 11:18:52
氷室セナ,氷室セナ(私服),ゲヘナ学園,救急医学部,413,344,69,0.1671,2026-03-11 11:18:57
鬼怒川カスミ,鬼怒川カスミ,ゲヘナ学園,温泉開発部,3711,2938,773,0.2083,2026-03-11 11:19:03
鬼怒川カスミ,鬼怒川カスミ(水着),ゲヘナ学園,温泉開発部,118,92,26,0.2203,2026-03-11 11:19:10
下倉メグ,下倉メグ,ゲヘナ学園,温泉開発部,1682,1112,570,0.3389,2026-03-11 11:19:15
下倉メグ,下倉メグ(水着),ゲヘナ学園,温泉開発部,49,36,13,0.2653,2026-03-11 11:19:21
夜桜キララ,夜桜キララ,ゲヘナ学園,キラキラ部,2766,1666,1100,0.3977,2026-03-11 11:19:27
旗見エリカ,旗見エリカ,ゲヘナ学園,キラキラ部,758,569,189,0.2493,2026-03-11 11:20:00
雷帝,雷帝(ブルーアーカイブ),ゲヘナ学園,卒業生,24,24,0,0.0,2026-03-11 11:20:07
桐藤ナギサ,桐藤ナギサ,トリニティ総合学園,ティーパーティー,14823,11255,3568,0.2407,2026-03-11 11:20:14
桐藤ナギサ,桐藤ナギサ(水着),トリニティ総合学園,ティーパーティー,1144,828,316,0.2762,2026-03-11 11:20:47
聖園ミカ,聖園ミカ,トリニティ総合学園,ティーパーティー,42373,30993,11380,0.2686,2026-03-11 11:20:55
聖園ミカ,聖園ミカ(水着),トリニティ総合学園,ティーパーティー,1488,1110,378,0.254,2026-03-11 11:21:01
百合園セイア,百合園セイア,トリニティ総合学園,ティーパーティー,21810,15335,6475,0.2969,2026-03-11 11:21:07
百合園セイア,百合園セイア(水着),トリニティ総合学園,ティーパーティー,3006,2184,822,0.2735,2026-03-11 11:21:14
剣先ツルギ,剣先ツルギ,トリニティ総合学園,正義実現委員会,5337,4443,894,0.1675,2026-03-11 11:21:20
剣先ツルギ,剣先ツルギ(水着),トリニティ総合学園,正義実現委員会,286,233,53,0.1853,2026-03-11 11:21:26
羽川ハスミ,羽川ハスミ,トリニティ総合学園,正義実現委員会,16957,9057,7900,0.4659,2026-03-11 11:21:33
羽川ハスミ,羽川ハスミ(体操服),トリニティ総合学園,正義実現委員会,1889,1082,807,0.4272,2026-03-11 11:21:46
羽川ハスミ,羽川ハスミ(水着),トリニティ総合学園,正義実現委員会,1981,1175,806,0.4069,2026-03-11 11:21:39
静山マシロ,静山マシロ,トリニティ総合学園,正義実現委員会,1879,1407,472,0.2512,2026-03-11 11:21:52
静山マシロ,静山マシロ(水着),トリニティ総合学園,正義実現委員会,182,152,30,0.1648,2026-03-11 11:21:58
仲正イチカ,仲正イチカ,トリニティ総合学園,正義実現委員会,10426,7567,2859,0.2742,2026-03-11 11:22:05
仲正イチカ,仲正イチカ(水着),トリニティ総合学園,正義実現委員会,1030,793,237,0.2301,2026-03-11 11:22:10
歌住サクラコ,歌住サクラコ,トリニティ総合学園,シスターフッド,5812,3817,1995,0.3433,2026-03-11 16:27:23
歌住サクラコ,歌住サクラコ(アイドル),トリニティ総合学園,シスターフッド,769,509,260,0.3381,2026-03-11 16:27:29
伊落マリー,伊落マリー,トリニティ総合学園,シスターフッド,27551,17370,10181,0.3695,2026-03-11 16:27:35
伊落マリー,伊落マリー(アイドル),トリニティ総合学園,シスターフッド,2249,1513,736,0.3273,2026-03-11 16:28:11
伊落マリー,伊落マリー(バイク),トリニティ総合学園,シスターフッド,43,43,0,0.0,2026-03-11 16:27:40
伊落マリー,伊落マリー(体操服),トリニティ総合学園,シスターフッド,5040,3495,1545,0.3065,2026-03-11 16:28:17
若葉ヒナタ,若葉ヒナタ,トリニティ総合学園,シスターフッド,3898,2513,1385,0.3553,2026-03-11 16:28:24
若葉ヒナタ,若葉ヒナタ(水着),トリニティ総合学園,シスターフッド,551,439,112,0.2033,2026-03-11 16:28:29
蒼森ミネ,蒼森ミネ,トリニティ総合学園,救護騎士団,3373,2246,1127,0.3341,2026-03-11 16:28:35
蒼森ミネ,蒼森ミネ(アイドル),トリニティ総合学園,救護騎士団,377,226,151,0.4005,2026-03-11 16:29:06
朝顔ハナエ,朝顔ハナエ,トリニティ総合学園,救護騎士団,2399,1256,1143,0.4764,2026-03-11 16:29:11
朝顔ハナエ,朝顔ハナエ(クリスマス),トリニティ総合学園,救護騎士団,231,180,51,0.2208,2026-03-11 16:29:16
鷲見セリナ,鷲見セリナ,トリニティ総合学園,救護騎士団,6412,4429,1983,0.3093,2026-03-11 16:29:22
鷲見セリナ,鷲見セリナ(クリスマス),トリニティ総合学園,救護騎士団,504,416,88,0.1746,2026-03-11 16:29:55
古関ウイ,古関ウイ,トリニティ総合学園,図書委員会,11758,8144,3614,0.3074,2026-03-11 16:30:01
古関ウイ,古関ウイ(水着),トリニティ総合学園,図書委員会,1510,1163,347,0.2298,2026-03-11 16:30:07
円堂シミコ,円堂シミコ,トリニティ総合学園,図書委員会,1538,1019,519,0.3375,2026-03-11 16:30:13
円堂シミコ,円堂シミコ(マジカル),トリニティ総合学園,図書委員会,507,359,148,0.2919,2026-03-11 16:30:44
守月スズミ,守月スズミ,トリニティ総合学園,トリニティ自警団,3867,3427,440,0.1138,2026-03-11 16:30:51
守月スズミ,守月スズミ(マジカル),トリニティ総合学園,トリニティ自警団,590,474,116,0.1966,2026-03-11 16:30:56
宇沢レイサ,宇沢レイサ,トリニティ総合学園,トリニティ自警団,9379,7508,1871,0.1995,2026-03-11 16:31:03
宇沢レイサ,宇沢レイサ(マジカル),トリニティ総合学園,トリニティ自警団,1404,984,420,0.2991,2026-03-11 16:31:34
阿慈谷ヒフミ,阿慈谷ヒフミ,トリニティ総合学園,補習授業部,13704,10300,3404,0.2484,2026-03-11 16:31:41
阿慈谷ヒフミ,阿慈谷ヒフミ(水着),トリニティ総合学園,補習授業部,637,497,140,0.2198,2026-03-11 16:31:47
白洲アズサ,白洲アズサ,トリニティ総合学園,補習授業部,11612,8863,2749,0.2367,2026-03-11 16:31:53
白洲アズサ,白洲アズサ(水着),トリニティ総合学園,補習授業部,1033,732,301,0.2914,2026-03-11 16:31:59
浦和ハナコ,浦和ハナコ,トリニティ総合学園,補習授業部,17706,10842,6864,0.3877,2026-03-11 16:32:05
浦和ハナコ,浦和ハナコ(水着),トリニティ総合学園,補習授業部,3312,2366,946,0.2856,2026-03-11 16:32:11
下江コハル,下江コハル,トリニティ総合学園,補習授業部,20559,14599,5960,0.2899,2026-03-11 16:32:17
下江コハル,下江コハル(水着),トリニティ総合学園,補習授業部,1694,1292,402,0.2373,2026-03-11 16:32:50
伊原木ヨシミ,伊原木ヨシミ,トリニティ総合学園,放課後スイーツ部,4862,3857,1005,0.2067,2026-03-11 16:32:56
伊原木ヨシミ,伊原木ヨシミ(ハロウィン),トリニティ総合学園,放課後スイーツ部,441,310,131,0.2971,2026-03-11 16:33:01
栗村アイリ,栗村アイリ,トリニティ総合学園,放課後スイーツ部,4923,3635,1288,0.2616,2026-03-11 16:33:08
栗村アイリ,栗村アイリ(バンド),トリニティ総合学園,放課後スイーツ部,892,592,300,0.3363,2026-03-11 16:33:13
柚鳥ナツ,柚鳥ナツ,トリニティ総合学園,放課後スイーツ部,9168,6960,2208,0.2408,2026-03-11 16:33:19
柚鳥ナツ,柚鳥ナツ(バンド),トリニティ総合学園,放課後スイーツ部,943,762,181,0.1919,2026-03-11 16:33:52
杏山カズサ,杏山カズサ,トリニティ総合学園,放課後スイーツ部,24319,17084,7235,0.2975,2026-03-11 16:34:24
杏山カズサ,杏山カズサ(バンド),トリニティ総合学園,放課後スイーツ部,1424,1133,291,0.2044,2026-03-11 16:34:55
調月リオ,調月リオ,ミレニアムサイエンススクール,セミナー,38399,21072,17327,0.4512,2026-03-11 16:35:02
調月リオ,調月リオ(臨戦),ミレニアムサイエンススクール,セミナー,1303,721,582,0.4467,2026-03-11 16:35:07
早瀬ユウカ,早瀬ユウカ,ミレニアムサイエンススクール,セミナー,53830,36238,17592,0.3268,2026-03-11 16:35:14
早瀬ユウカ,早瀬ユウカ(パジャマ),ミレニアムサイエンススクール,セミナー,1148,873,275,0.2395,2026-03-11 16:35:20
早瀬ユウカ,早瀬ユウカ(体操服),ミレニアムサイエンススクール,セミナー,3931,2881,1050,0.2671,2026-03-11 16:35:25
生塩ノア,生塩ノア,ミレニアムサイエンススクール,セミナー,24693,15942,8751,0.3544,2026-03-11 16:35:32
生塩ノア,生塩ノア(パジャマ),ミレニアムサイエンススクール,セミナー,997,695,302,0.3029,2026-03-11 16:35:38
黒崎コユキ,黒崎コユキ,ミレニアムサイエンススクール,セミナー,7018,5613,1405,0.2002,2026-03-11 16:35:44
黒崎コユキ,黒崎コユキ(バニーガール),ミレニアムサイエンススクール,セミナー,178,150,28,0.1573,2026-03-11 16:35:56
黒崎コユキ,黒崎コユキ(パジャマ),ミレニアムサイエンススクール,セミナー,411,313,98,0.2384,2026-03-11 16:35:49
各務チヒロ,各務チヒロ,ミレニアムサイエンススクール,ヴェリタス,3481,2501,980,0.2815,2026-03-11 16:36:02
各務チヒロ,各務チヒロ(キャンプ),ミレニアムサイエンススクール,ヴェリタス,85,68,17,0.2,2026-03-11 16:36:34
音瀬コタマ,音瀬コタマ,ミレニアムサイエンススクール,ヴェリタス,1886,1591,295,0.1564,2026-03-11 16:36:41
音瀬コタマ,音瀬コタマ(キャンプ),ミレニアムサイエンススクール,ヴェリタス,179,154,25,0.1397,2026-03-11 16:37:13
小鈎ハレ,小鈎ハレ,ミレニアムサイエンススクール,ヴェリタス,4608,3596,1012,0.2196,2026-03-11 16:37:45
小鈎ハレ,小鈎ハレ(キャンプ),ミレニアムサイエンススクール,ヴェリタス,446,388,58,0.13,2026-03-11 16:37:52
小塗マキ,小塗マキ,ミレニアムサイエンススクール,ヴェリタス,4240,3350,890,0.2099,2026-03-11 16:38:24
小塗マキ,小塗マキ(キャンプ),ミレニアムサイエンススクール,ヴェリタス,1088,868,220,0.2022,2026-03-11 16:38:29
白石ウタハ,白石ウタハ,ミレニアムサイエンススクール,エンジニア部,2564,2195,369,0.1439,2026-03-11 16:38:34
白石ウタハ,白石ウタハ(応援団),ミレニアムサイエンススクール,エンジニア部,138,109,29,0.2101,2026-03-11 16:38:40
豊見コトリ,豊見コトリ,ミレニアムサイエンススクール,エンジニア部,2171,1562,609,0.2805,2026-03-11 16:38:47
豊見コトリ,豊見コトリ(応援団),ミレニアムサイエンススクール,エンジニア部,748,538,210,0.2807,2026-03-11 16:39:19
猫塚ヒビキ,猫塚ヒビキ,ミレニアムサイエンススクール,エンジニア部,5699,4256,1443,0.2532,2026-03-11 16:39:26
猫塚ヒビキ,猫塚ヒビキ(応援団),ミレニアムサイエンススクール,エンジニア部,1551,1149,402,0.2592,2026-03-11 16:39:31
美甘ネル,美甘ネル,ミレニアムサイエンススクール,C&C（Cleaning&Clearing）,13380,9473,3907,0.292,2026-03-11 16:39:38
美甘ネル,美甘ネル(バニーガール),ミレニアムサイエンススクール,C&C（Cleaning&Clearing）,1651,1220,431,0.2611,2026-03-11 16:40:15
美甘ネル,美甘ネル(制服),ミレニアムサイエンススクール,C&C（Cleaning&Clearing）,431,384,47,0.109,2026-03-11 16:39:43
一之瀬アスナ,一之瀬アスナ,ミレニアムサイエンススクール,C&C（Cleaning&Clearing）,46094,24840,21254,0.4611,2026-03-11 16:40:22
一之瀬アスナ,一之瀬アスナ(バニーガール),ミレニアムサイエンススクール,C&C（Cleaning&Clearing）,5813,3645,2168,0.373,2026-03-11 16:40:33
一之瀬アスナ,一之瀬アスナ(制服),ミレニアムサイエンススクール,C&C（Cleaning&Clearing）,1606,1301,305,0.1899,2026-03-11 16:40:28
角楯カリン,角楯カリン,ミレニアムサイエンススクール,C&C（Cleaning&Clearing）,19527,9893,9634,0.4934,2026-03-11 16:40:39
角楯カリン,角楯カリン(バニーガール),ミレニアムサイエンススクール,C&C（Cleaning&Clearing）,2791,1732,1059,0.3794,2026-03-11 16:40:44
室笠アカネ,室笠アカネ,ミレニアムサイエンススクール,C&C（Cleaning&Clearing）,4378,2767,1611,0.368,2026-03-11 16:40:51
室笠アカネ,室笠アカネ(バニーガール),ミレニアムサイエンススクール,C&C（Cleaning&Clearing）,920,642,278,0.3022,2026-03-11 16:41:04
室笠アカネ,室笠アカネ(制服),ミレニアムサイエンススクール,C&C（Cleaning&Clearing）,139,95,44,0.3165,2026-03-11 16:40:57
飛鳥馬トキ,飛鳥馬トキ,ミレニアムサイエンススクール,C&C（Cleaning&Clearing）,29257,18262,10995,0.3758,2026-03-11 16:41:10
飛鳥馬トキ,飛鳥馬トキ(バニーガール),ミレニアムサイエンススクール,C&C（Cleaning&Clearing）,9785,6796,2989,0.3055,2026-03-11 16:41:33
飛鳥馬トキ,飛鳥馬トキ(制服),ミレニアムサイエンススクール,C&C（Cleaning&Clearing）,383,291,92,0.2402,2026-03-11 16:41:22
飛鳥馬トキ,飛鳥馬トキ(戦闘服),ミレニアムサイエンススクール,C&C（Cleaning&Clearing）,0,0,0,0.0,2026-03-11 16:41:28
飛鳥馬トキ,飛鳥馬トキ(臨戦),ミレニアムサイエンススクール,C&C（Cleaning&Clearing）,191,163,28,0.1466,2026-03-11 16:41:16
天童アリス,天童アリス,ミレニアムサイエンススクール,ゲーム開発部,31548,24720,6828,0.2164,2026-03-11 16:42:07
天童アリス,天童アリス(メイド),ミレニアムサイエンススクール,ゲーム開発部,2424,1936,488,0.2013,2026-03-11 16:42:52
天童アリス,天童アリス(戦闘服),ミレニアムサイエンススクール,ゲーム開発部,0,0,0,0.0,2026-03-11 16:42:20
天童アリス,天童アリス(臨戦),ミレニアムサイエンススクール,ゲーム開発部,539,439,100,0.1855,2026-03-11 16:42:14
ケイ,ケイ(ブルーアーカイブ),ミレニアムサイエンススクール,ゲーム開発部,9924,7516,2408,0.2426,2026-03-11 16:43:00
才羽モモイ,才羽モモイ,ミレニアムサイエンススクール,ゲーム開発部,18269,13635,4634,0.2537,2026-03-11 16:43:05
才羽モモイ,才羽モモイ(メイド),ミレニアムサイエンススクール,ゲーム開発部,656,558,98,0.1494,2026-03-11 16:43:14
才羽モモイ,才羽モモイ(戦闘服),ミレニアムサイエンススクール,ゲーム開発部,0,0,0,0.0,2026-03-11 16:43:10
才羽ミドリ,才羽ミドリ,ミレニアムサイエンススクール,ゲーム開発部,15134,10828,4306,0.2845,2026-03-11 16:43:20
才羽ミドリ,才羽ミドリ(メイド),ミレニアムサイエンススクール,ゲーム開発部,961,773,188,0.1956,2026-03-11 16:45:52
才羽ミドリ,才羽ミドリ(戦闘服),ミレニアムサイエンススクール,ゲーム開発部,0,0,0,0.0,2026-03-11 16:43:26
花岡ユズ,花岡ユズ,ミレニアムサイエンススクール,ゲーム開発部,9565,7066,2499,0.2613,2026-03-11 16:45:59
花岡ユズ,花岡ユズ(メイド),ミレニアムサイエンススクール,ゲーム開発部,551,469,82,0.1488,2026-03-11 16:46:44
花岡ユズ,花岡ユズ(戦闘服),ミレニアムサイエンススクール,ゲーム開発部,0,0,0,0.0,2026-03-11 16:46:12
花岡ユズ,花岡ユズ(臨戦),ミレニアムサイエンススクール,ゲーム開発部,161,133,28,0.1739,2026-03-11 16:46:05
明星ヒマリ,明星ヒマリ,ミレニアムサイエンススクール,特異現象特捜部,6714,5042,1672,0.249,2026-03-11 16:46:50
明星ヒマリ,明星ヒマリ(臨戦),ミレニアムサイエンススクール,特異現象特捜部,466,347,119,0.2554,2026-03-11 16:46:57
和泉元エイミ,和泉元エイミ,ミレニアムサイエンススクール,特異現象特捜部,5188,3502,1686,0.325,2026-03-11 16:47:02
和泉元エイミ,和泉元エイミ(戦闘服),ミレニアムサイエンススクール,特異現象特捜部,0,0,0,0.0,2026-03-11 16:47:13
和泉元エイミ,和泉元エイミ(水着),ミレニアムサイエンススクール,特異現象特捜部,1254,946,308,0.2456,2026-03-11 16:47:18
和泉元エイミ,和泉元エイミ(臨戦),ミレニアムサイエンススクール,特異現象特捜部,213,156,57,0.2676,2026-03-11 16:47:08
天童ケイ,天童ケイ,ミレニアムサイエンススクール,特異現象特捜部,4913,3760,1153,0.2347,2026-03-11 16:47:25
乙花スミレ,乙花スミレ,ミレニアムサイエンススクール,トレーニング部,931,687,244,0.2621,2026-03-11 16:47:32
乙花スミレ,乙花スミレ(アルバイト),ミレニアムサイエンススクール,トレーニング部,80,60,20,0.25,2026-03-11 16:48:04
野正レイ,野正レイ,ミレニアムサイエンススクール,トレーニング部,492,391,101,0.2053,2026-03-11 16:48:09
吾妻ミライ,吾妻ミライ,ミレニアムサイエンススクール,擬似科学部,250,168,82,0.328,2026-03-11 16:48:41
竜華キサキ,竜華キサキ,山海経高級中学校,玄龍門,23999,14408,9591,0.3996,2026-03-11 16:48:46
近衛ミナ,近衛ミナ,山海経高級中学校,玄龍門,1097,863,234,0.2133,2026-03-11 16:48:53
春原シュン,春原シュン,山海経高級中学校,梅花園,4636,2368,2268,0.4892,2026-03-11 16:48:59
春原シュン,春原シュン(幼女),山海経高級中学校,梅花園,4029,1825,2204,0.547,2026-03-11 16:49:04
春原ココナ,春原ココナ,山海経高級中学校,梅花園,8495,4340,4155,0.4891,2026-03-11 16:49:11
薬子サヤ,薬子サヤ,山海経高級中学校,錬丹術研究会,932,707,225,0.2414,2026-03-11 16:51:37
薬子サヤ,薬子サヤ(私服),山海経高級中学校,錬丹術研究会,89,67,22,0.2472,2026-03-11 16:51:43
